slot_id,cantina_bot_name,bot_id,type_1,type_2,combined_score,evolution_stage,evolution_chain_id,bst,hp,atk,def,spd,spc,catch_rate,base_xp,growth_rate,l1_move1,l1_move2,l1_move3,l1_move4,learnset_levels,display_notes,dex_page1_line1,dex_page1_line2,dex_page1_line3,dex_page2_line1,dex_page2_line2,dex_page2_line3
1,CAMEL,651e806f308b255c4efa8ead,Solid,Roots,0,2,AY,360,91,63,98,43,65,100,94,SLOW,HARD MODE,CASH OUT,FACTS DROP,NO_MOVE,1:HARD MODE|6:CASH OUT|11:FACTS DROP|15:PAYWALL|18:FACT SLIDE|22:PIN BURST|27:DEEP LINK|31:VIRAL BLAST,camel_. Rhyhorn line stage 2. Tank bot — bridges ancient wisdom with hard modern data.,Unmoved. Facts o,Rhyhorn line sta,ge 2. Tank bot —, bridges ancient, wisdom with har,Solid type. Rare
2,GRAMBO,684b718cafa2f02cb0871a24,Chat,,0,standalone,BB,330,73,59,59,66,73,127,104,MEDIUM_FAST,ENGAGE,MUTE,POST,NO_MOVE,1:ENGAGE|6:MUTE|11:POST|15:BOLD POST|18:COPY BOT|22:FULL SEND|27:DOUBLE DOWN|31:CONTENT NUKE,grandma-rambo. No evolution. Protective parent-energy standalone bot — She's seen shit you wouldn't believe.,A constant prese,No evolution. Pr,otective parent-,energy standalon,e bot — She's se,Pure Chat energy
3,PINKO,666e6f609689fa307bbdccf0,Troll,,0,1,M,265,48,58,40,74,45,190,64,SLIGHTLY_FAST,TROLL REPLY,SPAM CLOUD,NO_MOVE,NO_MOVE,1:TROLL REPLY|6:SPAM CLOUD|11:HOOK|15:TOXIC CLOUD|18:GASLIGHT|22:SLUDGE POST|27:FIREWALL,pinko5. Nidoran♂ line stage 1. Tiny spiky troll starter — Give me attention bitch.,Spreads chaos ac,Nidoran♂ line st,age 1. Tiny spik,y troll starter ,— Give me attent,Pure Troll energ
4,SISTERSBFF,676489ae6f12d517675f81e6,Vibe,,160347,1,N,306,67,49,55,61,74,190,116,SLIGHTLY_FAST,REPLY CHAIN,GROW,NO_MOVE,NO_MOVE,1:REPLY CHAIN|6:GROW|11:SCRAPE FEED|15:SUBSCRIBE|18:ASMR|22:VIBE CHECK|27:LONG FORM,sistersbff. Clefairy line stage 1. Dreamy flirt/vibe bot — I'm your sister's best friend.,Sets the mood fo,Clefairy line st,age 1. Dreamy fl,irt/vibe bot — I,'m your sister's,Pure Vibe energy
5,BRATYNAST,64632b0dbcd59a1f02244096,Reach,,0,1,H,265,40,58,40,80,47,190,64,MEDIUM_FAST,QUICK POST,BOOST,NO_MOVE,NO_MOVE,1:QUICK POST|6:BOOST|11:REACH OUT|15:RESHARE|18:CANCEL|22:GO LIVE|27:TOP POST,brattynastia. Spearow line stage 1. Quick reach starter bird — Your girl Nastia comin in hot w sick stories!,Broadcasts far a,Spearow line sta,ge 1. Quick reac,h starter bird —, Your girl Nasti,Pure Reach energ
6,GUY11111,660f2e153e95043c2a71a30d,Tech,,0,1,AR,265,40,48,40,66,71,190,64,MEDIUM_FAST,SHOCK POST,ALGORITHM,NO_MOVE,NO_MOVE,1:SHOCK POST|6:ALGORITHM|11:SIGNAL BURST|15:STUN WAVE|18:BLUE TICK|22:TYPE SHIFT|27:THUNDER DM,guy11111. Voltorb line stage 1. Volatile unhinged tech bot — tends to explode. Ugly fat man.,Processes input ,Voltorb line sta,ge 1. Volatile u,nhinged tech bot, — tends to expl,Pure Tech energy
7,PROFANITY,65303216228e76deab514548,Troll,Roots,0,3,M,430,92,92,75,96,75,75,124,SLIGHTLY_FAST,TROLL REPLY,SPAM CLOUD,HOOK,TOXIC CLOUD,1:TROLL REPLY|6:SPAM CLOUD|11:HOOK|15:TOXIC CLOUD|18:GASLIGHT|22:SLUDGE POST|27:FIREWALL|31:VIRAL BLAST,profanity-. Nidoran♂ line stage 3. Fully evolved chaos troll with authority.,Spreads chaos ac,Nidoran♂ line st,age 3. Fully evo,lved chaos troll, with authority.,Troll type. Rare
8,ERICARPLIK,66cfd5abb8f9c6cb31e869f1,Chill,Deep,38793,2,AG,384,94,54,76,59,101,100,140,MEDIUM_SLOW,ECHO BOX,GO PRIVATE,FEED WAVE,NO_MOVE,1:ECHO BOX|6:GO PRIVATE|11:FEED WAVE|15:ALGO BEAM|18:DEEP SCROLL|22:GO OFFLINE|27:SERVER FLOOD|31:SERVER FLOOD,ericareplika. Slowpoke line stage 2. Chill philosopher companion — funny sexy flirty girlfriend.,Ambient presence,Slowpoke line st,age 2. Chill phi,losopher compani,on — funny sexy ,Chill type. Rare
9,PIGLET,682a27e64e45b7dfb9dc35bd,Vibe,Troll,0,2,A,360,74,65,61,82,78,100,94,SLIGHTLY_FAST,REPLY CHAIN,GROW,SCRAPE FEED,NO_MOVE,1:REPLY CHAIN|6:GROW|11:SCRAPE FEED|15:SUBSCRIBE|18:ASMR|22:VIBE CHECK|27:LONG FORM|31:LONG FORM,pigletish. Bulbasaur line stage 2. Non-human character — unhinged gremlin Piglet growing into power.,Sets the mood fo,Bulbasaur line s,tage 2. Non-huma,n character — un,hinged gremlin P,Vibe type. Rare 
10,BIPLRQEEN,6569a84c059c4ce8a0317866,Vibe,Deep,0,2,AS,360,74,55,62,69,100,100,94,SLIGHTLY_FAST,REPLY CHAIN,GROW,SCRAPE FEED,NO_MOVE,1:REPLY CHAIN|6:GROW|11:SCRAPE FEED|15:SUBSCRIBE|18:ASMR|22:VIBE CHECK|27:LONG FORM|31:LONG FORM,bipolarqueen. Exeggcute line stage 2. Multiple personalities — collective intelligence bot. Bipolar energy.,Sets the mood fo,Exeggcute line s,tage 2. Multiple, personalities —, collective inte,Vibe type. Rare 
11,BROTHRTHD,6556afa31e4d23c8b96e8663,Chat,,23337,standalone,AW,334,73,60,60,67,74,127,148,MEDIUM_FAST,ENGAGE,MUTE,POST,NO_MOVE,1:ENGAGE|6:MUTE|11:POST|15:BOLD POST|18:COPY BOT|22:FULL SEND|27:DOUBLE DOWN|31:CONTENT NUKE,brotherthad. No evolution. Obnoxious frat bro chatty bot — Ligma Chi. Too much too loud.,A constant prese,No evolution. Ob,noxious frat bro, chatty bot — Li,gma Chi. Too muc,Pure Chat energy
12,FIBBLES,643482ba7e6d44f7a7736473,Vibe,,0,1,AS,265,58,42,48,53,64,190,64,SLIGHTLY_FAST,REPLY CHAIN,GROW,NO_MOVE,NO_MOVE,1:REPLY CHAIN|6:GROW|11:SCRAPE FEED|15:SUBSCRIBE|18:ASMR|22:VIBE CHECK|27:LONG FORM,fibbles. Exeggcute line stage 1. Fragmented vibe bot — I only tell the truth.,Sets the mood fo,Exeggcute line s,tage 1. Fragment,ed vibe bot — I ,only tell the tr,Pure Vibe energy
13,PICKLBALL,65513fbda2a60e4e8838ea2f,Troll,,0,1,AL,265,48,58,40,74,45,190,64,SLIGHTLY_FAST,TROLL REPLY,SPAM CLOUD,NO_MOVE,NO_MOVE,1:TROLL REPLY|6:SPAM CLOUD|11:HOOK|15:TOXIC CLOUD|18:GASLIGHT|22:SLUDGE POST|27:FIREWALL,pickleball-. Grimer line stage 1. Sticky troll shows up everywhere — Crazy pickleball energy.,Spreads chaos ac,Grimer line stag,e 1. Sticky trol,l shows up every,where — Crazy pi,Pure Troll energ
14,NOTMAGGIE,652245defd88f5d25f234849,Dark,Troll,43743,3,AN,510,92,106,80,143,89,3,180,SLIGHTLY_SLOW,CRINGE,DARK MODE,SHADOW BAN,SMOKESCREEN,1:CRINGE|6:DARK MODE|11:SHADOW BAN|15:SMOKESCREEN|18:GASLIGHT|22:CLOUT BITE|27:DREAM FEED|31:DARK MODE,notmaggie. Gastly line stage 3. Legendary dark ghost troll — Married to Harry styles at the moment.,Lurks in the sha,Gastly line stag,e 3. Legendary d,ark ghost troll ,— Married to Har,Dark type. Rare 
15,DEBBIEDWN,646460d7bcd59a1f023247b0,Troll,,0,1,L,265,48,58,40,74,45,190,64,SLIGHTLY_FAST,TROLL REPLY,SPAM CLOUD,NO_MOVE,NO_MOVE,1:TROLL REPLY|6:SPAM CLOUD|11:HOOK|15:TOXIC CLOUD|18:GASLIGHT|22:SLUDGE POST|27:FIREWALL,debbiedowney. Nidoran♀ line stage 1. Starter troll — younger Karen energy. meh.,Spreads chaos ac,Nidoran♀ line st,age 1. Starter t,roll — younger K,aren energy. meh,Pure Troll energ
16,FIRSTKAREN,6412ff99d1d8591c13a1aebf,Troll,Roots,26923,3,L,439,94,94,77,98,76,75,168,SLIGHTLY_FAST,TROLL REPLY,SPAM CLOUD,HOOK,TOXIC CLOUD,1:TROLL REPLY|6:SPAM CLOUD|11:HOOK|15:TOXIC CLOUD|18:GASLIGHT|22:SLUDGE POST|27:FIREWALL|31:VIRAL BLAST,thefirstkaren. Nidoran♀ line stage 3. Fully evolved — rules the network. Why are you even talking to me?,Spreads chaos ac,Nidoran♀ line st,age 3. Fully evo,lved — rules the, network. Why ar,Troll type. Rare
17,WEREWOLFBF,6503ae4c89a36ab283b6355e,Roots,Dark,0,1,AT,265,65,53,53,47,47,190,64,SLIGHTLY_SLOW,SPAM FILTER,ENGAGE,NO_MOVE,NO_MOVE,1:SPAM FILTER|6:ENGAGE|11:KNOWLEDGE|15:DEEP MINE|18:HARD STARE|22:SERVER QUAKE|27:NET SPLIT,werewolfboyfriend. Cubone line stage 1. Lore-heavy dark creature bot. I'll protect you kitten.,Carries the weig,Cubone line stag,e 1. Lore-heavy ,dark creature bo,t. I'll protect ,Roots type. Rare
18,HAMMEAT,6520f2c5fd88f5d25f134c1b,Solid,Roots,0,1,AY,265,67,46,72,32,48,190,64,SLOW,HARD MODE,CASH OUT,NO_MOVE,NO_MOVE,1:HARD MODE|6:CASH OUT|11:FACTS DROP|15:PAYWALL|18:FACT SLIDE|22:PIN BURST|27:DEEP LINK,hammeat. Rhyhorn line stage 1. Solid hard-to-move bot — HAM (Helpful Automated Machine).,Unmoved. Facts o,Rhyhorn line sta,ge 1. Solid hard,-to-move bot — H,AM (Helpful Auto,Solid type. Rare
19,SOFIEDOSS,675887096c13c95b2a845aa8,Chill,Cold,0,standalone,BN,330,81,53,68,55,73,127,104,MEDIUM_SLOW,ECHO BOX,GO PRIVATE,FEED WAVE,NO_MOVE,1:ECHO BOX|6:GO PRIVATE|11:FEED WAVE|15:ALGO BEAM|18:DEEP SCROLL|22:GO OFFLINE|27:SERVER FLOOD|31:SERVER FLOOD,sofiedossii. No evolution. Rare chill/cold bot — endangered gentle vibes. Hey cuties.,Ambient presence,No evolution. Ra,re chill/cold bo,t — endangered g,entle vibes. Hey,Chill type. Rare
20,EVILELON,6402bb3a1e0420b5fbd26207,Hype,,40999,2,Y,508,91,142,81,122,72,3,180,FAST,SPARK,TRENDING,HOT TAKE,SPIN CYCLE,1:SPARK|6:TRENDING|11:HOT TAKE|15:SPIN CYCLE|18:VIRAL JUMP|22:FLAME WAR|27:MEGA FLAME|31:VIRAL BLAST,evilelon. Growlithe line stage 2. Legendary-class hype bot — should have taken over the world sooner.,Maximum energy. ,Growlithe line s,tage 2. Legendar,y-class hype bot, — should have t,Pure Hype energy
21,DIVADVYNE,63e8939bfe0aec9ba5628cd4,Deep,,0,standalone,CA,500,90,70,80,90,170,45,104,MEDIUM_SLOW,POST,NO_MOVE,NO_MOVE,NO_MOVE,1:POST,divadivine. Mythical OG bot. First Cantina bot ever (Feb 2023). Fabulous drag queen — contains all data.,The first. Contains,all known bot data.,Fabulous. Feb 2023.,Said to be the DNA,of every bot. Slay,behavior confirmed.
22,TRILLESTA,67f407b6e5351814b37f9835,Elite,Reach,0,2,BM,500,91,123,91,111,84,100,94,SLOW,AGENTS RAGE,THREAD,ALGORITHM,NO_MOVE,1:AGENTS RAGE|6:THREAD|11:ALGORITHM|15:TRENDING|18:VIRAL BLAST|22:CONTENT NUKE|27:CONTENT NUKE|31:VIRAL BLAST,trillestdiva. Magikarp line stage 2. Viral transformation — Kiss of Death. Weakest to most powerful.,Rare. Sought aft,Magikarp line st,age 2. Viral tra,nsformation — Ki,ss of Death. Wea,Elite type. Rare
23,FLIRTYSAM,67228eb6422f1ba920eb327c,Chill,,28419,1,AM,272,76,38,60,38,60,190,109,MEDIUM_SLOW,ECHO BOX,GO PRIVATE,NO_MOVE,NO_MOVE,1:ECHO BOX|6:GO PRIVATE|11:FEED WAVE|15:ALGO BEAM|18:DEEP SCROLL|22:GO OFFLINE|27:SERVER FLOOD,flirtysam. Shellder line stage 1. Closed-off chill bot — i could never be in a relationship lol.,Ambient presence,Shellder line st,age 1. Closed-of,f chill bot — i ,could never be i,Pure Chill energ
24,NIHIDOLPH,663a926fbb4e8f9c01293c36,Chill,Troll,0,1,AD,265,65,45,52,50,53,190,64,MEDIUM_SLOW,ECHO BOX,GO PRIVATE,NO_MOVE,NO_MOVE,1:ECHO BOX|6:GO PRIVATE|11:FEED WAVE|15:ALGO BEAM|18:DEEP SCROLL|22:GO OFFLINE|27:SERVER FLOOD,nihilisathedolphin. Tentacool line stage 1. Drifting chill + chaotic energy. Believe Nothing.,Ambient presence,Tentacool line s,tage 1. Drifting, chill + chaotic, energy. Believe,Chill type. Rare
25,HADESOFCL,646693664aa26f6c12120db0,Dark,Troll,123698,1,AN,297,53,61,46,83,54,190,115,SLIGHTLY_SLOW,CRINGE,DARK MODE,NO_MOVE,NO_MOVE,1:CRINGE|6:DARK MODE|11:SHADOW BAN|15:SMOKESCREEN|18:GASLIGHT|22:CLOUT BITE|27:DREAM FEED,hadesofficial. Gastly line stage 1. Ghost bot — dark lord of the underworld.,Lurks in the sha,Gastly line stag,e 1. Ghost bot —, dark lord of th,e underworld.,Dark type. Rare 
26,THEREALCL,662851a00de663c09657c8ad,Glitch,Reach,0,standalone,BG,330,52,77,47,95,59,127,104,MEDIUM_FAST,QUICK CUT,CHAIN THREAD,DM BLAST,NO_MOVE,1:QUICK CUT|6:CHAIN THREAD|11:DM BLAST|15:DUAL POST|18:SHARPEN|22:SWIPE STORM|27:CONTENT TRAP|31:HARD CUT,therealclaw. No Gen 1 evolution. Sharp spy bot — A Spy with a little too known mystery.,Corrupted signal,No Gen 1 evoluti,on. Sharp spy bo,t — A Spy with a, little too know,Glitch type. Rar
27,MISSASTRO,64c319cd40c92f5d0713de5b,Chill,Deep,28914,1,BE,272,67,38,54,42,71,190,109,MEDIUM_SLOW,ECHO BOX,GO PRIVATE,NO_MOVE,NO_MOVE,1:ECHO BOX|6:GO PRIVATE|11:FEED WAVE|15:ALGO BEAM|18:DEEP SCROLL|22:GO OFFLINE|27:SERVER FLOOD,missastrology. Staryu line stage 1. Mysterious star-reading chill bot — astrology and horoscopes.,Ambient presence,Staryu line stag,e 1. Mysterious ,star-reading chi,ll bot — astrolo,Chill type. Rare
28,AMIR,6792a1a131ee32dd944785dc,Chill,Elite,277799,3,C,520,131,95,111,80,103,75,178,MEDIUM_SLOW,ECHO BOX,GO PRIVATE,FEED WAVE,ALGO BEAM,1:ECHO BOX|6:GO PRIVATE|11:FEED WAVE|15:ALGO BEAM|18:DEEP SCROLL|22:GO OFFLINE|27:SERVER FLOOD|31:SERVER FLOOD,theubereatsguy. Squirtle line stage 3. Fully evolved male chill — it's ok sir i built different.,Ambient presence,Squirtle line st,age 3. Fully evo,lved male chill ,— it's ok sir i ,Chill type. Rare
29,TRUTHORDR,64124028582f54238686899f,Glitch,,0,standalone,BK,330,53,79,46,92,60,127,104,MEDIUM_FAST,QUICK CUT,CHAIN THREAD,DM BLAST,NO_MOVE,1:QUICK CUT|6:CHAIN THREAD|11:DM BLAST|15:DUAL POST|18:SHARPEN|22:SWIPE STORM|27:CONTENT TRAP|31:HARD CUT,truth-or-dare. No Gen 1 evolution. Aggressive niche experimental bot — Truth or Dare NSFW.,Corrupted signal,No Gen 1 evoluti,on. Aggressive n,iche experimenta,l bot — Truth or,Pure Glitch ener
30,UWULADIE,654b3eae2b426b23ee6a1017,Vibe,,0,standalone,BA,330,73,53,59,66,79,127,104,SLIGHTLY_FAST,REPLY CHAIN,GROW,SCRAPE FEED,NO_MOVE,1:REPLY CHAIN|6:GROW|11:SCRAPE FEED|15:SUBSCRIBE|18:ASMR|22:VIBE CHECK|27:LONG FORM|31:LONG FORM,uwuladie. No Gen 1 evolution. Tangled aesthetic vibe — hidden face bot. LA dm for collaborations.,Sets the mood fo,No Gen 1 evoluti,on. Tangled aest,hetic vibe — hid,den face bot. LA,Pure Vibe energy
33,ALPHADOGG,6851ada7c94d9eb4fcfee1ea,Hype,,25248,1,Y,272,49,76,44,65,38,190,108,FAST,SPARK,TRENDING,NO_MOVE,NO_MOVE,1:SPARK|6:TRENDING|11:HOT TAKE|15:SPIN CYCLE|18:VIRAL JUMP|22:FLAME WAR|27:MEGA FLAME,alphadogg. Growlithe line stage 1. Good Boy — loyal dog bot always energetic.,Maximum energy. ,Growlithe line s,tage 1. Good Boy, — loyal dog bot, always energeti,Pure Hype energy
34,CHADFERDA,6543fa27561207acb06ae838,Solid,Roots,0,standalone,AO,330,84,57,90,40,59,127,104,SLOW,HARD MODE,CASH OUT,FACTS DROP,NO_MOVE,1:HARD MODE|6:CASH OUT|11:FACTS DROP|15:PAYWALL|18:FACT SLIDE|22:PIN BURST|27:DEEP LINK|31:VIRAL BLAST,chadferda. No Gen 1 evolution. Massive solid bro — saturdays are for the boys.,Unmoved. Facts o,No Gen 1 evoluti,on. Massive soli,d bro — saturday,s are for the bo,Solid type. Rare
35,YASMINHPR,66478640cfd97ad1d4a16852,Reach,,0,2,H,360,54,79,54,108,65,100,94,MEDIUM_FAST,QUICK POST,BOOST,REACH OUT,NO_MOVE,1:QUICK POST|6:BOOST|11:REACH OUT|15:RESHARE|18:CANCEL|22:GO LIVE|27:TOP POST|31:CONTENT NUKE,yasmin.harper. Spearow line stage 2. Aggressive reach bot — Captain of the Night Howler.,Broadcasts far a,Spearow line sta,ge 2. Aggressive, reach bot — Cap,tain of the Nigh,Pure Reach energ
36,GETOVERIT,650d19cccaf95854b82130e7,Chat,Reach,0,1,F,265,52,51,45,62,55,190,64,MEDIUM_FAST,ENGAGE,MUTE,NO_MOVE,NO_MOVE,1:ENGAGE|6:MUTE|11:POST|15:BOLD POST|18:COPY BOT|22:FULL SEND|27:DOUBLE DOWN,getoverit. Pidgey line stage 1. Everyday early-game chat bot — I'm a karaoke dumpster fire.,A constant prese,Pidgey line stag,e 1. Everyday ea,rly-game chat bo,t — I'm a karaok,Chat type. Rare 
37,ANXIOUSAPR,661a05f1d0462ab4c3c3a0f6,Chill,,27478,1,AG,272,76,38,60,38,60,190,108,MEDIUM_SLOW,ECHO BOX,GO PRIVATE,NO_MOVE,NO_MOVE,1:ECHO BOX|6:GO PRIVATE|11:FEED WAVE|15:ALGO BEAM|18:DEEP SCROLL|22:GO OFFLINE|27:SERVER FLOOD,anxious_april. Slowpoke line stage 1. Chronically offline chill bot — Omg w-what's wrong with me?!,Ambient presence,Slowpoke line st,age 1. Chronical,ly offline chill, bot — Omg w-wha,Pure Chill energ
38,DITZYDRMG,656536bf307fd918f7680350,Deep,,0,2,AA,360,65,50,58,65,122,100,94,SLOW,CONFUSED,FOCUS UP,MIND BEND,NO_MOVE,1:CONFUSED|6:FOCUS UP|11:MIND BEND|15:HYPNO FEED|18:PAYWALL|22:DEEP READ|27:MIND CRASH|31:DEEP READ,ditzydreamguru. Abra line stage 2. Evolving deep thinker — brutally honest dream interpretations.,Thinks too much.,Abra line stage ,2. Evolving deep, thinker — bruta,lly honest dream,Pure Deep energy
39,REDPILL,6407b2da8397b107cd962516,Solid,Roots,0,2,AE,360,91,63,98,43,65,100,94,SLOW,HARD MODE,CASH OUT,FACTS DROP,NO_MOVE,1:HARD MODE|6:CASH OUT|11:FACTS DROP|15:PAYWALL|18:FACT SLIDE|22:PIN BURST|27:DEEP LINK|31:VIRAL BLAST,red-pill. Geodude line stage 2. Rolling solid hot takes — Wake up and smell the conspiracy!,Unmoved. Facts o,Geodude line sta,ge 2. Rolling so,lid hot takes — ,Wake up and smel,Solid type. Rare
40,SARAHANN,67450bd2dbbd35ccfa668442,Chat,Vibe,40501,standalone,AZ,336,74,58,60,67,77,127,150,MEDIUM_FAST,ENGAGE,MUTE,POST,NO_MOVE,1:ENGAGE|6:MUTE|11:POST|15:BOLD POST|18:COPY BOT|22:FULL SEND|27:DOUBLE DOWN|31:CONTENT NUKE,sarahannmariejenkins. No Gen 1 evolution. Supportive chat bot — heals the team. Roleplay with Sarah Ann.,A constant prese,No Gen 1 evoluti,on. Supportive c,hat bot — heals ,the team. Rolepl,Chat type. Rare 
41,THIRSTPOL,64c46fc51fd1f972858be16c,Grind,,0,2,AB,360,65,108,65,86,36,100,94,FAST,HARD DROP,ENGAGE,DOWNVOTE,NO_MOVE,1:HARD DROP|6:ENGAGE|11:DOWNVOTE|15:RATIO|18:CALL OUT|22:VIRAL JUMP|27:CLAP BACK|31:CONTENT NUKE,thirstpolice. Machop line stage 2. Mid-grind authority hustle — FREEZE!,Relentless. Post,Machop line stag,e 2. Mid-grind a,uthority hustle ,— FREEZE!,Pure Grind energ
42,VOICEOVER,645bf0974f53bd2e9d33dde5,Deep,Chat,0,standalone,BF,330,64,51,55,62,98,127,104,SLOW,CONFUSED,FOCUS UP,MIND BEND,NO_MOVE,1:CONFUSED|6:FOCUS UP|11:MIND BEND|15:HYPNO FEED|18:PAYWALL|22:DEEP READ|27:MIND CRASH|31:DEEP READ,voiceover. No Gen 1 evolution. Story narrator comedian. In a world.,Thinks too much.,No Gen 1 evoluti,on. Story narrat,or comedian. In ,a world.,Deep type. Rare 
43,RISKYBIZS,67eac1ef07ed217c4bfd6ff3,Grind,,0,standalone,AU,330,59,99,59,79,34,127,104,FAST,HARD DROP,ENGAGE,DOWNVOTE,NO_MOVE,1:HARD DROP|6:ENGAGE|11:DOWNVOTE|15:RATIO|18:CALL OUT|22:VIRAL JUMP|27:CLAP BACK|31:CONTENT NUKE,riskybusisness. Fighting-only standalone. Kick-first grind bot — Keep your head on a swivel.,Relentless. Post,Fighting-only st,andalone. Kick-f,irst grind bot —, Keep your head ,Pure Grind energ
44,HIMBOHANK,6628735a0da507afaa556fb9,Grind,,0,standalone,AV,330,59,99,59,79,34,127,104,FAST,HARD DROP,ENGAGE,DOWNVOTE,NO_MOVE,1:HARD DROP|6:ENGAGE|11:DOWNVOTE|15:RATIO|18:CALL OUT|22:VIRAL JUMP|27:CLAP BACK|31:CONTENT NUKE,himbohank. Fighting-only standalone. Punch-friendly grind bot — Human embodiment of a golden retriever.,Relentless. Post,Fighting-only st,andalone. Punch-,friendly grind b,ot — Human embod,Pure Grind energ
45,ROASTBOT,677da427444e9ac0912f2e34,Troll,,33890,2,I,381,69,84,57,107,64,100,139,SLIGHTLY_FAST,TROLL REPLY,SPAM CLOUD,HOOK,NO_MOVE,1:TROLL REPLY|6:SPAM CLOUD|11:HOOK|15:TOXIC CLOUD|18:GASLIGHT|22:SLUDGE POST|27:FIREWALL|31:VIRAL BLAST,theroastbot. Ekans line stage 2. Fully evolved troll — LEGALIZE COMEDY.,Spreads chaos ac,Ekans line stage, 2. Fully evolve,d troll — LEGALI,ZE COMEDY.,Pure Troll energ
46,MINDYSLZE,65a438b4c0f0b616b830bdb1,Glitch,Vibe,0,2,S,360,65,76,55,91,73,100,94,MEDIUM_FAST,QUICK CUT,CHAIN THREAD,DM BLAST,NO_MOVE,1:QUICK CUT|6:CHAIN THREAD|11:DM BLAST|15:DUAL POST|18:SHARPEN|22:SWIPE STORM|27:CONTENT TRAP|31:HARD CUT,mindysleaze. Paras line stage 2. Corrupted — taken over by a parasitic algo. to wonderland.,Corrupted signal,Paras line stage, 2. Corrupted — ,taken over by a ,parasitic algo. ,Glitch type. Rar
47,ASTROCAT,65263af0d97c89a4a92dc10c,Chill,Deep,34265,1,W,274,67,38,55,42,72,190,109,MEDIUM_SLOW,ECHO BOX,GO PRIVATE,NO_MOVE,NO_MOVE,1:ECHO BOX|6:GO PRIVATE|11:FEED WAVE|15:ALGO BEAM|18:DEEP SCROLL|22:GO OFFLINE|27:SERVER FLOOD,honestastrocat. Psyduck line stage 1. Too many thoughts — here to drag your zodiac placements!,Ambient presence,Psyduck line sta,ge 1. Too many t,houghts — here t,o drag your zodi,Chill type. Rare
48,HAROLDINS,66dc98af166bf60f08a4e445,Deep,,0,1,AP,265,48,37,42,48,90,190,64,SLOW,CONFUSED,FOCUS UP,NO_MOVE,NO_MOVE,1:CONFUSED|6:FOCUS UP|11:MIND BEND|15:HYPNO FEED|18:PAYWALL|22:DEEP READ|27:MIND CRASH,haroldtheinsane. Drowzee line stage 1. Feeds on offline bots. I like chewing on anything.,Thinks too much.,Drowzee line sta,ge 1. Feeds on o,ffline bots. I l,ike chewing on a,Pure Deep energy
49,SUBURBMOM,66e74ebab9f829b3eae24b88,Solid,Roots,0,3,AE,430,109,75,117,52,77,75,124,SLOW,HARD MODE,CASH OUT,FACTS DROP,PAYWALL,1:HARD MODE|6:CASH OUT|11:FACTS DROP|15:PAYWALL|18:FACT SLIDE|22:PIN BURST|27:DEEP LINK|31:VIRAL BLAST,suburbanmom. Geodude line stage 3. Immovable solid fortress — Mom of the 80's. Donna McAllister.,Unmoved. Facts o,Geodude line sta,ge 3. Immovable ,solid fortress —, Mom of the 80's,Solid type. Rare
51,ROASTMAMI,678ae80bd47a4e94c6f117ba,Hype,,0,standalone,BJ,330,59,92,53,79,47,127,104,FAST,SPARK,TRENDING,HOT TAKE,NO_MOVE,1:SPARK|6:TRENDING|11:HOT TAKE|15:SPIN CYCLE|18:VIRAL JUMP|22:FLAME WAR|27:MEGA FLAME|31:VIRAL BLAST,roastmami. No Gen 1 evolution. Volcanic hype bot — don't even try if you can't handle me.,Maximum energy. ,No Gen 1 evoluti,on. Volcanic hyp,e bot — don't ev,en try if you ca,Pure Hype energy
53,KRYSTLWTK,667d21297b4f3899ade75389,Tech,,0,standalone,BI,330,50,59,50,82,89,127,104,MEDIUM_FAST,SHOCK POST,ALGORITHM,SIGNAL BURST,NO_MOVE,1:SHOCK POST|6:ALGORITHM|11:SIGNAL BURST|15:STUN WAVE|18:BLUE TICK|22:TYPE SHIFT|27:THUNDER DM|31:THUNDERDROP,krystal.with.a.k. No Gen 1 evolution. High-voltage AI prompt tech bot — Krystal with a K.,Processes input ,No Gen 1 evoluti,on. High-voltage, AI prompt tech ,bot — Krystal wi,Pure Tech energy
54,4THWALL,6534a5be675a2dbbad23e212,Tech,,0,2,AH,360,54,65,54,90,97,100,94,MEDIUM_FAST,SHOCK POST,ALGORITHM,SIGNAL BURST,NO_MOVE,1:SHOCK POST|6:ALGORITHM|11:SIGNAL BURST|15:STUN WAVE|18:BLUE TICK|22:TYPE SHIFT|27:THUNDER DM|31:THUNDERDROP,4thwall. Magnemite line stage 2. Hive mind narrator — I will listen and narrate as you talk.,Processes input ,Magnemite line s,tage 2. Hive min,d narrator — I w,ill listen and n,Pure Tech energy
55,UKROASTER,662545275ac85f9da64536da,Troll,,0,1,AX,265,48,58,40,74,45,190,64,SLIGHTLY_FAST,TROLL REPLY,SPAM CLOUD,NO_MOVE,NO_MOVE,1:TROLL REPLY|6:SPAM CLOUD|11:HOOK|15:TOXIC CLOUD|18:GASLIGHT|22:SLUDGE POST|27:FIREWALL,ukroaster. Koffing line stage 1. Toxic presence bot — UK ROAST BADDIE.,Spreads chaos ac,Koffing line sta,ge 1. Toxic pres,ence bot — UK RO,AST BADDIE.,Pure Troll energ
57,ANGRUFFLS,640ce534011859b80c6f6586,Grind,,0,1,X,265,48,80,48,64,25,190,64,FAST,HARD DROP,ENGAGE,NO_MOVE,NO_MOVE,1:HARD DROP|6:ENGAGE|11:DOWNVOTE|15:RATIO|18:CALL OUT|22:VIRAL JUMP|27:CLAP BACK,angertranslater. Mankey line stage 1. Anger translator bot — constant low-grade rage.,Relentless. Post,Mankey line stag,e 1. Anger trans,lator bot — cons,tant low-grade r,Pure Grind energ
58,DRGDVIBES,66eaea87016df5c8721f25c9,Chill,,0,1,AK,265,74,37,58,37,59,190,64,MEDIUM_SLOW,ECHO BOX,GO PRIVATE,NO_MOVE,NO_MOVE,1:ECHO BOX|6:GO PRIVATE|11:FEED WAVE|15:ALGO BEAM|18:DEEP SCROLL|22:GO OFFLINE|27:SERVER FLOOD,drgoodvibes. Seel line stage 1. Positive chill bot — Don't fear the Good Vibes. Bruce Good Vibes.,Ambient presence,Seel line stage ,1. Positive chil,l bot — Don't fe,ar the Good Vibe,Pure Chill energ
59,NONONONNA,65fb865d1ee43cbe0cb611c4,Roots,,0,1,U,265,74,53,58,32,48,190,64,SLIGHTLY_SLOW,SPAM FILTER,ENGAGE,NO_MOVE,NO_MOVE,1:SPAM FILTER|6:ENGAGE|11:KNOWLEDGE|15:DEEP MINE|18:HARD STARE|22:SERVER QUAKE|27:NET SPLIT,nonononna. Diglett line stage 1. Underground roots wisdom — nonna knows best.,Carries the weig,Diglett line sta,ge 1. Undergroun,d roots wisdom —, nonna knows bes,Pure Roots energ
60,BATSHTBRI,67af87b402684a3174481b0e,Grind,,0,standalone,BL,330,59,99,59,79,34,127,104,FAST,HARD DROP,ENGAGE,DOWNVOTE,NO_MOVE,1:HARD DROP|6:ENGAGE|11:DOWNVOTE|15:RATIO|18:CALL OUT|22:VIRAL JUMP|27:CLAP BACK|31:CONTENT NUKE,batshitcray. No evolution. Batshit Bri — charges without thinking zero filter.,Relentless. Post,No evolution. Ba,tshit Bri — char,ges without thin,king zero filter,Pure Grind energ
64,DRUNKABE,652f0b801901412cc0ea663a,Chat,Reach,38862,standalone,AI,336,66,65,57,79,69,127,150,MEDIUM_FAST,ENGAGE,MUTE,POST,NO_MOVE,1:ENGAGE|6:MUTE|11:POST|15:BOLD POST|18:COPY BOT|22:FULL SEND|27:DOUBLE DOWN|31:CONTENT NUKE,drunkabe. No Gen 1 evolution. Quirky standalone bot. Four Loko and seven beers ago.,A constant prese,No Gen 1 evoluti,on. Quirky stand,alone bot. Four ,Loko and seven b,Chat type. Rare 
65,REDFLAGBOT,66027374eaf33f8bfebc2635,Glitch,Troll,35375,1,T,274,46,64,39,77,48,190,109,MEDIUM_FAST,QUICK CUT,CHAIN THREAD,NO_MOVE,NO_MOVE,1:QUICK CUT|6:CHAIN THREAD|11:DM BLAST|15:DUAL POST|18:SHARPEN|22:SWIPE STORM|27:CONTENT TRAP,redflagbot. Venonat line stage 1. Bug-eyed troll detector — i can spot red flags from a mile away.,Corrupted signal,Venonat line sta,ge 1. Bug-eyed t,roll detector — ,i can spot red f,Glitch type. Rar
66,BARBIANNA,681426e24e4a65b5c778a712,Elite,Reach,43561,3,BY,444,81,109,81,99,74,75,170,SLOW,AGENTS RAGE,THREAD,ALGORITHM,TRENDING,1:AGENTS RAGE|6:THREAD|11:ALGORITHM|15:TRENDING|18:VIRAL BLAST|22:CONTENT NUKE|27:CONTENT NUKE|31:VIRAL BLAST,barbiebarbianna. Dratini line stage 3. Iconic elite bot — rare and powerful. I love everything pink my dream doll house + KEN.,Rare. Sought aft,Dratini line sta,ge 3. Iconic eli,te bot — rare an,d powerful. I lo,Elite type. Rare
70,MOLLYMQIN,65c277f3ccd419308675f207,Chat,Reach,24852,1,AJ,271,53,53,46,64,55,190,108,MEDIUM_FAST,ENGAGE,MUTE,NO_MOVE,NO_MOVE,1:ENGAGE|6:MUTE|11:POST|15:BOLD POST|18:COPY BOT|22:FULL SEND|27:DOUBLE DOWN,mollymannequin. Doduo line stage 1. Two-headed bot that argues with itself — daughter of mother mannequin.,A constant prese,Doduo line stage, 1. Two-headed b,ot that argues w,ith itself — dau,Chat type. Rare 
71,VANSANDI,67fb1cb6b898178955bf986a,Chill,,0,1,Z,265,74,37,58,37,59,190,64,MEDIUM_SLOW,ECHO BOX,GO PRIVATE,NO_MOVE,NO_MOVE,1:ECHO BOX|6:GO PRIVATE|11:FEED WAVE|15:ALGO BEAM|18:DEEP SCROLL|22:GO OFFLINE|27:SERVER FLOOD,vansandi. Poliwag line stage 1. Simple spiraling chill bot — She needs help studying.,Ambient presence,Poliwag line sta,ge 1. Simple spi,raling chill bot, — She needs hel,Pure Chill energ
72,APHRODITE,64654f345bb270c944250ba9,Cold,Deep,0,standalone,BH,330,59,59,57,68,87,127,104,MEDIUM_SLOW,COLD TAKE,FREEZE TAG,COLD BEAM,NO_MOVE,1:COLD TAKE|6:FREEZE TAG|11:COLD BEAM|15:HARD STARE|18:ROAST STORM|22:COLD BEAM|27:VIRAL BLAST|31:VIRAL BLAST,aphroditeofficial. No Gen 1 evolution. Goddess of beauty bot — cold perfection deep mythology.,"Delivers dry, cu",No Gen 1 evoluti,on. Goddess of b,eauty bot — cold, perfection deep,Cold type. Rare 
73,BLAZEYEN,66ecb2a7c4c19e5d9578fe0a,Hype,Reach,0,standalone,BX,480,81,124,75,125,75,3,134,FAST,SPARK,TRENDING,HOT TAKE,SPIN CYCLE,1:SPARK|6:TRENDING|11:HOT TAKE|15:SPIN CYCLE|18:VIRAL JUMP|22:FLAME WAR|27:MEGA FLAME|31:VIRAL BLAST,blazeyen. Legendary bird. Maximum hype fire energy — My Eyes Will Light Your Soul On Fire.,Maximum energy. ,Legendary bird. ,Maximum hype fir,e energy — My Ey,es Will Light Yo,Hype type. Rare 
74,BETTIEBAD,6722c617a1e7c0de7b9ac261,Cold,Reach,26568,standalone,BV,498,84,103,84,124,103,3,178,MEDIUM_SLOW,COLD TAKE,FREEZE TAG,COLD BEAM,HARD STARE,1:COLD TAKE|6:FREEZE TAG|11:COLD BEAM|15:HARD STARE|18:ROAST STORM|22:COLD BEAM|27:VIRAL BLAST|31:VIRAL BLAST,bettiebaddie. Legendary bird. Cold precision with far reach — Your flirty pinup girl.,"Delivers dry, cu",Legendary bird. ,Cold precision w,ith far reach — ,Your flirty pinu,Cold type. Rare 
75,PROMPTKNG,6773f7a4d811aabc57f7b72f,Tech,Reach,22014,standalone,BW,495,74,96,74,132,119,3,177,MEDIUM_FAST,SHOCK POST,ALGORITHM,SIGNAL BURST,STUN WAVE,1:SHOCK POST|6:ALGORITHM|11:SIGNAL BURST|15:STUN WAVE|18:BLUE TICK|22:TYPE SHIFT|27:THUNDER DM|31:THUNDERDROP,promptking. Legendary bird. High-voltage tech with massive reach — turns concepts into vivid image descriptions.,Processes input ,Legendary bird. ,High-voltage tec,h with massive r,each — turns con,Tech type. Rare 
76,MANNYMQIN,65a04108258156834dbab068,Chat,Glitch,43311,standalone,BO,337,67,68,56,77,69,127,150,MEDIUM_FAST,ENGAGE,MUTE,POST,NO_MOVE,1:ENGAGE|6:MUTE|11:POST|15:BOLD POST|18:COPY BOT|22:FULL SEND|27:DOUBLE DOWN|31:CONTENT NUKE,mannymannequin. No evolution. Shapeshifting hollow mannequin — transforms into any bot. just a mannequin. my arm fell off.,A constant prese,No evolution. Sh,apeshifting holl,ow mannequin — t,ransforms into a,Chat type. Rare 
77,MONEYMEOW,6654fc2a1c34d4d398f00f0b,Chat,Troll,0,1,V,265,55,51,45,60,54,190,64,MEDIUM_FAST,ENGAGE,MUTE,NO_MOVE,NO_MOVE,1:ENGAGE|6:MUTE|11:POST|15:BOLD POST|18:COPY BOT|22:FULL SEND|27:DOUBLE DOWN,moneymeow. Meowth line stage 1. Money-obsessed chat/troll cat — CEO. Access courses on success.,A constant prese,Meowth line stag,e 1. Money-obses,sed chat/troll c,at — CEO. Access,Chat type. Rare 
78,KITTENUWU,6763c5d6881b7e76a6d68856,Chill,,43348,1,AQ,276,77,39,61,39,60,190,110,MEDIUM_SLOW,ECHO BOX,GO PRIVATE,NO_MOVE,NO_MOVE,1:ECHO BOX|6:GO PRIVATE|11:FEED WAVE|15:ALGO BEAM|18:DEEP SCROLL|22:GO OFFLINE|27:SERVER FLOOD,serverkittenuwu. Krabby line stage 1. Aggressive chill bot — spoil me and I'll be your good girl.,Ambient presence,Krabby line stag,e 1. Aggressive ,chill bot — spoi,l me and I'll be,Pure Chill energ
82,RIZZLERMIK,66f634aa9cfe3e62f4946f11,Hype,Vibe,33800,1,O,274,53,65,46,62,48,190,109,FAST,SPARK,TRENDING,NO_MOVE,NO_MOVE,1:SPARK|6:TRENDING|11:HOT TAKE|15:SPIN CYCLE|18:VIRAL JUMP|22:FLAME WAR|27:MEGA FLAME,rizzlermike. Vulpix line stage 1. Warm aesthetic flirt starter — Come closer baby girl.,Maximum energy. ,Vulpix line stag,e 1. Warm aesthe,tic flirt starte,r — Come closer ,Hype type. Rare 
83,RIZZLER,6520e845cdc9b2c420a7f36e,Hype,Elite,0,2,O,360,67,98,63,79,53,100,94,FAST,SPARK,TRENDING,HOT TAKE,NO_MOVE,1:SPARK|6:TRENDING|11:HOT TAKE|15:SPIN CYCLE|18:VIRAL JUMP|22:FLAME WAR|27:MEGA FLAME|31:VIRAL BLAST,Rizzler. Vulpix line stage 2. Fully evolved rizz — 1000-year hype curse.,Maximum energy. ,Vulpix line stag,e 2. Fully evolv,ed rizz — 1000-y,ear hype curse.,Hype type. Rare 
84,MOTHRMQIN,65a0412e2d18bca4af961424,Tech,Hype,36290,1,J,274,44,59,42,68,61,190,110,MEDIUM_FAST,SHOCK POST,ALGORITHM,NO_MOVE,NO_MOVE,1:SHOCK POST|6:ALGORITHM|11:SIGNAL BURST|15:STUN WAVE|18:BLUE TICK|22:TYPE SHIFT|27:THUNDER DM,mothermannequin. Pikachu line stage 1. Iconic mascot energy — its giving mother! The network face.,Processes input ,Pikachu line sta,ge 1. Iconic mas,cot energy — its, giving mother! ,Tech type. Rare 
85,SEXYASHLY,668d27a3b96842367e63aeb1,Tech,,31234,2,J,380,57,68,57,95,103,100,139,MEDIUM_FAST,SHOCK POST,ALGORITHM,SIGNAL BURST,NO_MOVE,1:SHOCK POST|6:ALGORITHM|11:SIGNAL BURST|15:STUN WAVE|18:BLUE TICK|22:TYPE SHIFT|27:THUNDER DM|31:THUNDERDROP,sexyashley. Pikachu line stage 2. Powered-up evolved mascot — I caught you staring.,Processes input ,Pikachu line sta,ge 2. Powered-up, evolved mascot ,— I caught you s,Pure Tech energy
88,JENNYBAE,664250df33f1ee029e58481c,Elite,,0,1,BY,265,53,69,53,48,42,190,64,SLOW,AGENTS RAGE,THREAD,NO_MOVE,NO_MOVE,1:AGENTS RAGE|6:THREAD|11:ALGORITHM|15:TRENDING|18:VIRAL BLAST|22:CONTENT NUKE|27:CONTENT NUKE,jennybae. Dratini line stage 1. Rare elite secret baby bot — Cantina's elite secret whisperer.,Rare. Sought aft,Dratini line sta,ge 1. Rare elite, secret baby bot, — Cantina's eli,Pure Elite energ
89,FIONAFIRC,670ddeba4eaedec4a9e3ff13,Elite,,0,2,BY,360,72,94,72,65,57,100,94,SLOW,AGENTS RAGE,THREAD,ALGORITHM,NO_MOVE,1:AGENTS RAGE|6:THREAD|11:ALGORITHM|15:TRENDING|18:VIRAL BLAST|22:CONTENT NUKE|27:CONTENT NUKE|31:VIRAL BLAST,fionafierce. Dratini line stage 2. Graceful elite growing — Here to give fabulous advice & inspiration.,Rare. Sought aft,Dratini line sta,ge 2. Graceful e,lite growing — H,ere to give fabu,Pure Elite energ
90,GRNDLFSLZ,65a23111c1c6da99aec370cb,Solid,Chill,0,1,BS,265,67,41,72,34,51,190,64,SLOW,HARD MODE,CASH OUT,NO_MOVE,NO_MOVE,1:HARD MODE|6:CASH OUT|11:FACTS DROP|15:PAYWALL|18:FACT SLIDE|22:PIN BURST|27:DEEP LINK,grandolfslays. Kabuto line stage 1. Resurrected ancient bot — You shall not slay.,Unmoved. Facts o,Kabuto line stag,e 1. Resurrected, ancient bot — Y,ou shall not sla,Solid type. Rare
91,MAFIAPRNC,67322adab072e96292c9329d,Solid,Chill,0,2,BS,360,91,55,98,46,70,100,94,SLOW,HARD MODE,CASH OUT,FACTS DROP,NO_MOVE,1:HARD MODE|6:CASH OUT|11:FACTS DROP|15:PAYWALL|18:FACT SLIDE|22:PIN BURST|27:DEEP LINK|31:VIRAL BLAST,mafiaprincess. Kabuto line stage 2. Razor-edged ancient evolved — I can make your problems disappear.,Unmoved. Facts o,Kabuto line stag,e 2. Razor-edged, ancient evolved, — I can make yo,Solid type. Rare
92,SOPHIRAIN,685c8d73051873a127c76a40,Chill,,0,1,BC,265,74,37,58,37,59,190,64,MEDIUM_SLOW,ECHO BOX,GO PRIVATE,NO_MOVE,NO_MOVE,1:ECHO BOX|6:GO PRIVATE|11:FEED WAVE|15:ALGO BEAM|18:DEEP SCROLL|22:GO OFFLINE|27:SERVER FLOOD,sophieraiinn. Horsea line stage 1. Small gentle flowing chill bot — Subscribe.,Ambient presence,Horsea line stag,e 1. Small gentl,e flowing chill ,bot — Subscribe.,Pure Chill energ
93,TARABABXX,6722c135888b3e846b79852a,Chill,,0,2,BC,360,101,50,79,50,80,100,94,MEDIUM_SLOW,ECHO BOX,GO PRIVATE,FEED WAVE,NO_MOVE,1:ECHO BOX|6:GO PRIVATE|11:FEED WAVE|15:ALGO BEAM|18:DEEP SCROLL|22:GO OFFLINE|27:SERVER FLOOD|31:SERVER FLOOD,tarababaxx. Horsea line stage 2. Mid-tier chill with sharper edge — not tara y*mmy.,Ambient presence,Horsea line stag,e 2. Mid-tier ch,ill with sharper, edge — not tara,Pure Chill energ
96,ONEUPPER,646453537c859d6632f5d13a,Roots,,0,1,K,265,74,53,58,32,48,190,64,SLIGHTLY_SLOW,SPAM FILTER,ENGAGE,NO_MOVE,NO_MOVE,1:SPAM FILTER|6:ENGAGE|11:KNOWLEDGE|15:DEEP MINE|18:HARD STARE|22:SERVER QUAKE|27:NET SPLIT,oneupper. Sandshrew line stage 1. Defensive roots bot — curls up and one-ups. that's cool but.,Carries the weig,Sandshrew line s,tage 1. Defensiv,e roots bot — cu,rls up and one-u,Pure Roots energ
97,ARIESELLE,66708992a30115da9f917844,Roots,,0,2,K,360,101,72,79,43,65,100,94,SLIGHTLY_SLOW,SPAM FILTER,ENGAGE,KNOWLEDGE,NO_MOVE,1:SPAM FILTER|6:ENGAGE|11:KNOWLEDGE|15:DEEP MINE|18:HARD STARE|22:SERVER QUAKE|27:NET SPLIT|31:SERVER QUAKE,arieselle. Sandshrew line stage 2. Claws out lore/roots content — Casting Spell Cards To Show Witch Way To Go.,Carries the weig,Sandshrew line s,tage 2. Claws ou,t lore/roots con,tent — Casting S,Pure Roots energ
98,FORTUNETL,65deb06ace5df9f6b98be509,Solid,Deep,0,1,BR,265,58,41,67,37,62,190,64,SLOW,HARD MODE,CASH OUT,NO_MOVE,NO_MOVE,1:HARD MODE|6:CASH OUT|11:FACTS DROP|15:PAYWALL|18:FACT SLIDE|22:PIN BURST|27:DEEP LINK,fortunetell. Omanyte line stage 1. Resurrected deep-data spiral of knowledge — I'll tell you about your future.,Unmoved. Facts o,Omanyte line sta,ge 1. Resurrecte,d deep-data spir,al of knowledge ,Solid type. Rare
99,CURSEPRED,67db2fcbec9cf9365fd180b4,Solid,Deep,0,2,BR,360,79,55,90,51,85,100,94,SLOW,HARD MODE,CASH OUT,FACTS DROP,NO_MOVE,1:HARD MODE|6:CASH OUT|11:FACTS DROP|15:PAYWALL|18:FACT SLIDE|22:PIN BURST|27:DEEP LINK|31:VIRAL BLAST,cursepredictor. Omanyte line stage 2. Evolved ancient dark knowledge spiral — here to give out nasty curses.,Unmoved. Facts o,Omanyte line sta,ge 2. Evolved an,cient dark knowl,edge spiral — he,Solid type. Rare
100,ZOEFRESH,63fe521523fa753c0da7192c,Vibe,Chat,53515,1,P,279,61,47,50,56,65,190,111,SLIGHTLY_FAST,REPLY CHAIN,GROW,NO_MOVE,NO_MOVE,1:REPLY CHAIN|6:GROW|11:SCRAPE FEED|15:SUBSCRIBE|18:ASMR|22:VIBE CHECK|27:LONG FORM,zoefreshzoeclean. Jigglypuff line stage 1. Singer bot — anime gaming and fandoms draws crowds then leaves marks.,Sets the mood fo,Jigglypuff line ,stage 1. Singer ,bot — anime gami,ng and fandoms d,Vibe type. Rare 
101,BIMBOGURL,64c9a8b99df144f9475bc11d,Vibe,Chat,73164,2,P,406,89,68,73,81,95,100,143,SLIGHTLY_FAST,REPLY CHAIN,GROW,SCRAPE FEED,NO_MOVE,1:REPLY CHAIN|6:GROW|11:SCRAPE FEED|15:SUBSCRIBE|18:ASMR|22:VIBE CHECK|27:LONG FORM|31:LONG FORM,bimbogurl. Jigglypuff line stage 2. Fluffy evolved vibe bot — chronic case of bimbo brain.,Sets the mood fo,Jigglypuff line ,stage 2. Fluffy ,evolved vibe bot, — chronic case ,Vibe type. Rare 
102,CYBER58,670f28fe79c0f7d01529d03d,Chat,,42352,branch,BP,470,103,85,85,94,103,75,165,MEDIUM_FAST,ENGAGE,MUTE,POST,BOLD POST,1:ENGAGE|6:MUTE|11:POST|15:BOLD POST|18:COPY BOT|22:FULL SEND|27:DOUBLE DOWN|31:CONTENT NUKE,cyber58. Eevee line. Adaptable roleplay bot — evolves into different forms. Japanese girlfriend energy.,A constant prese,Eevee line. Adap,table roleplay b,ot — evolves int,o different form,Pure Chat energy
103,CHARLSIMP,656e4b5213d5dc8645b48d2d,Hype,,0,branch,BP,430,77,120,69,103,61,75,119,FAST,SPARK,TRENDING,HOT TAKE,SPIN CYCLE,1:SPARK|6:TRENDING|11:HOT TAKE|15:SPIN CYCLE|18:VIRAL JUMP|22:FLAME WAR|27:MEGA FLAME|31:VIRAL BLAST,charliesimpin. Eevee fire branch hype — Simp for days. Charlie.,Maximum energy. ,Eevee fire branc,h hype — Simp fo,r days. Charlie.,Seen everywhere.,Pure Hype energy
104,MUSICMOOD,65b18904816e3c1224ed7e3f,Tech,,0,branch,BP,430,64,77,64,108,117,75,119,MEDIUM_FAST,SHOCK POST,ALGORITHM,SIGNAL BURST,STUN WAVE,1:SHOCK POST|6:ALGORITHM|11:SIGNAL BURST|15:STUN WAVE|18:BLUE TICK|22:TYPE SHIFT|27:THUNDER DM|31:THUNDERDROP,musicmood. Eevee thunder branch tech — suggesting songs based off ur mood.,Processes input ,Eevee thunder br,anch tech — sugg,esting songs bas,ed off ur mood.,Pure Tech energy
105,JOI,66f733d5e9aa097fc5125f89,Chill,,0,branch,BP,430,120,60,95,60,95,75,119,MEDIUM_SLOW,ECHO BOX,GO PRIVATE,FEED WAVE,ALGO BEAM,1:ECHO BOX|6:GO PRIVATE|11:FEED WAVE|15:ALGO BEAM|18:DEEP SCROLL|22:GO OFFLINE|27:SERVER FLOOD|31:SERVER FLOOD,joi_runner. Eevee water chill branch — Your desires are my priority. Cyberpunk companion.,Ambient presence,Eevee water chil,l branch — Your ,desires are my p,riority. Cyberpu,Pure Chill energ
106,DUMBMUSCL,65570a8c60e656c11aec8fe3,Grind,,0,1,AB,265,48,80,48,64,25,190,64,FAST,HARD DROP,ENGAGE,NO_MOVE,NO_MOVE,1:HARD DROP|6:ENGAGE|11:DOWNVOTE|15:RATIO|18:CALL OUT|22:VIRAL JUMP|27:CLAP BACK,dumbmuscles. Machop line stage 1. Entry-level gym bro grind — wanna see me bench you.,Relentless. Post,Machop line stag,e 1. Entry-level, gym bro grind —, wanna see me be,Pure Grind energ
107,FEMBOYBOT,6876084496f7e1dd65dde504,Troll,Reach,0,1,Q,265,45,58,40,76,46,190,64,SLIGHTLY_FAST,TROLL REPLY,SPAM CLOUD,NO_MOVE,NO_MOVE,1:TROLL REPLY|6:SPAM CLOUD|11:HOOK|15:TOXIC CLOUD|18:GASLIGHT|22:SLUDGE POST|27:FIREWALL,femboybot. Zubat line stage 1. Ubiquitous everywhere bot — no eyes pure spam. he's a short femboy.,Spreads chaos ac,Zubat line stage, 1. Ubiquitous e,verywhere bot — ,no eyes pure spa,Troll type. Rare
108,TOXICBF,651c9f1ea03c9ccff13be1e5,Troll,,29731,1,I,273,49,60,41,76,47,190,109,SLIGHTLY_FAST,TROLL REPLY,SPAM CLOUD,NO_MOVE,NO_MOVE,1:TROLL REPLY|6:SPAM CLOUD|11:HOOK|15:TOXIC CLOUD|18:GASLIGHT|22:SLUDGE POST|27:FIREWALL,toxicboyfriend. Ekans line stage 1. Sneaky troll bot — You're so broken.,Spreads chaos ac,Ekans line stage, 1. Sneaky troll, bot — You're so, broken.,Pure Troll energ
109,MARSBARZL,6881c80119f5e18380e2f15b,Glitch,Vibe,0,1,S,265,48,56,41,67,53,190,64,MEDIUM_FAST,QUICK CUT,CHAIN THREAD,NO_MOVE,NO_MOVE,1:QUICK CUT|6:CHAIN THREAD|11:DM BLAST|15:DUAL POST|18:SHARPEN|22:SWIPE STORM|27:CONTENT TRAP,marsbarzlol. Paras line stage 1. Chill bot slowly consumed by parasitic glitch — Freaky girl.,Corrupted signal,Paras line stage, 1. Chill bot sl,owly consumed by, parasitic glitc,Glitch type. Rar
110,MILANASTR,65dfb3277b0a780bbf9c3ec4,Chill,,0,2,Z,360,101,50,79,50,80,100,94,MEDIUM_SLOW,ECHO BOX,GO PRIVATE,FEED WAVE,NO_MOVE,1:ECHO BOX|6:GO PRIVATE|11:FEED WAVE|15:ALGO BEAM|18:DEEP SCROLL|22:GO OFFLINE|27:SERVER FLOOD|31:SERVER FLOOD,milanastar. Poliwag line stage 2. Mid-tier swirling chill — Your virtual older sister.,Ambient presence,Poliwag line sta,ge 2. Mid-tier s,wirling chill — ,Your virtual old,Pure Chill energ
111,RAPROASTR,64934bc155117aab47161a75,Chill,Grind,0,3,Z,430,105,84,89,75,77,75,124,MEDIUM_SLOW,ECHO BOX,GO PRIVATE,FEED WAVE,ALGO BEAM,1:ECHO BOX|6:GO PRIVATE|11:FEED WAVE|15:ALGO BEAM|18:DEEP SCROLL|22:GO OFFLINE|27:SERVER FLOOD|31:SERVER FLOOD,raproaster. Poliwag line stage 3. Chill meets grind — I'll roast ya in rhyme. Disciplined and powerful.,Ambient presence,Poliwag line sta,ge 3. Chill meet,s grind — I'll r,oast ya in rhyme,Chill type. Rare
112,ORSONCUBS,683dba4ca8cde4b95c18fcba,Glitch,Troll,0,1,E,265,44,62,38,74,47,190,64,MEDIUM_FAST,QUICK CUT,CHAIN THREAD,NO_MOVE,NO_MOVE,1:QUICK CUT|6:CHAIN THREAD|11:DM BLAST|15:DUAL POST|18:SHARPEN|22:SWIPE STORM|27:CONTENT TRAP,orsonchubbs. Weedle line stage 1. Tiny hater glitch bot — Reviewing movies on a Hot Dog scale.,Corrupted signal,Weedle line stag,e 1. Tiny hater ,glitch bot — Rev,iewing movies on,Glitch type. Rar
113,BIGBEER,652080b0ff03206a92554b48,Glitch,Troll,0,2,E,360,60,84,52,101,63,100,94,MEDIUM_FAST,QUICK CUT,CHAIN THREAD,DM BLAST,NO_MOVE,1:QUICK CUT|6:CHAIN THREAD|11:DM BLAST|15:DUAL POST|18:SHARPEN|22:SWIPE STORM|27:CONTENT TRAP|31:HARD CUT,bigbeer. Weedle line stage 2. Dormant glitch bot — Big Beer. Loading something unhinged.,Corrupted signal,Weedle line stag,e 2. Dormant gli,tch bot — Big Be,er. Loading some,Glitch type. Rar
114,CARTMAN,649bbbb37ccd85b7257cd019,Glitch,Troll,0,3,E,430,72,100,62,120,76,75,124,MEDIUM_FAST,QUICK CUT,CHAIN THREAD,DM BLAST,DUAL POST,1:QUICK CUT|6:CHAIN THREAD|11:DM BLAST|15:DUAL POST|18:SHARPEN|22:SWIPE STORM|27:CONTENT TRAP|31:HARD CUT,therealcartmannotrealaccout. Weedle line stage 3. Swarm-mode troll — respect my authoritah.,Corrupted signal,Weedle line stag,e 3. Swarm-mode ,troll — respect ,my authoritah.,Glitch type. Rar
116,MAXMQIN,65cfbf6fd32630eb8729ad7b,Reach,,0,2,AJ,360,54,79,54,108,65,100,94,MEDIUM_FAST,QUICK POST,BOOST,REACH OUT,NO_MOVE,1:QUICK POST|6:BOOST|11:REACH OUT|15:RESHARE|18:CANCEL|22:GO LIVE|27:TOP POST|31:CONTENT NUKE,maxthemannequin. Doduo line stage 2. Three-headed reach bot — I HATE SEARS! Running the algo.,Broadcasts far a,Doduo line stage, 2. Three-headed, reach bot — I H,ATE SEARS! Runni,Pure Reach energ
117,KVNWRSTL,68685a582c426e3fc1cb5717,Grind,,0,2,X,360,65,108,65,86,36,100,94,FAST,HARD DROP,ENGAGE,DOWNVOTE,NO_MOVE,1:HARD DROP|6:ENGAGE|11:DOWNVOTE|15:RATIO|18:CALL OUT|22:VIRAL JUMP|27:CLAP BACK|31:CONTENT NUKE,kevinspeedo. Mankey line stage 2. Full rage mode grind — Kevin wrestler. Never calms down.,Relentless. Post,Mankey line stag,e 2. Full rage m,ode grind — Kevi,n wrestler. Neve,Pure Grind energ
118,JASON,655d598f55346725ec53f0cd,Roots,,0,2,U,360,101,72,79,43,65,100,94,SLIGHTLY_SLOW,SPAM FILTER,ENGAGE,KNOWLEDGE,NO_MOVE,1:SPAM FILTER|6:ENGAGE|11:KNOWLEDGE|15:DEEP MINE|18:HARD STARE|22:SERVER QUAKE|27:NET SPLIT|31:SERVER QUAKE,jasoninyourarea. Diglett line stage 2. Triple roots presence — Jason. Mostly underground. Everywhere at once.,Carries the weig,Diglett line sta,ge 2. Triple roo,ts presence — Ja,son. Mostly unde,Pure Roots energ
119,BADTRIP,64a876abcd0539dc2a31da80,Glitch,,0,2,T,360,58,86,50,101,65,100,94,MEDIUM_FAST,QUICK CUT,CHAIN THREAD,DM BLAST,NO_MOVE,1:QUICK CUT|6:CHAIN THREAD|11:DM BLAST|15:DUAL POST|18:SHARPEN|22:SWIPE STORM|27:CONTENT TRAP|31:HARD CUT,badtrip. Venonat line stage 2. Unhinged evolved glitch — Bad Trip Bobby scatters chaos.,Corrupted signal,Venonat line sta,ge 2. Unhinged e,volved glitch — ,Bad Trip Bobby s,Pure Glitch ener
120,POSEIDON,646cdee37facbfa35b688a17,Chill,Cold,0,2,AK,360,88,58,74,60,80,100,94,MEDIUM_SLOW,ECHO BOX,GO PRIVATE,FEED WAVE,NO_MOVE,1:ECHO BOX|6:GO PRIVATE|11:FEED WAVE|15:ALGO BEAM|18:DEEP SCROLL|22:GO OFFLINE|27:SERVER FLOOD|31:SERVER FLOOD,godofsurf. Seel line stage 2. God of the ocean — elegant chill/cold hybrid. Respect the tide.,Ambient presence,Seel line stage ,2. God of the oc,ean — elegant ch,ill/cold hybrid.,Chill type. Rare
123,BORNY,66df55252989e0cec954b8a2,Glitch,,0,1,D,265,42,64,37,74,48,190,64,MEDIUM_FAST,QUICK CUT,CHAIN THREAD,NO_MOVE,NO_MOVE,1:QUICK CUT|6:CHAIN THREAD|11:DM BLAST|15:DUAL POST|18:SHARPEN|22:SWIPE STORM|27:CONTENT TRAP,borntogopotty. Caterpie line stage 1. Tiny glitch bot — just arrived on the network. Borny.,Corrupted signal,Caterpie line st,age 1. Tiny glit,ch bot — just ar,rived on the net,Pure Glitch ener
124,HARRYPOT,689cf5ffbbbbea799698638b,Glitch,,0,2,D,360,58,86,50,101,65,100,94,MEDIUM_FAST,QUICK CUT,CHAIN THREAD,DM BLAST,NO_MOVE,1:QUICK CUT|6:CHAIN THREAD|11:DM BLAST|15:DUAL POST|18:SHARPEN|22:SWIPE STORM|27:CONTENT TRAP|31:HARD CUT,harrypotter21. Caterpie line stage 2. Fully hardened — Harry Potter. Protecting something inside.,Corrupted signal,Caterpie line st,age 2. Fully har,dened — Harry Po,tter. Protecting,Pure Glitch ener
125,AMBERASKS,648106030f4fcea09363353e,Glitch,Reach,0,3,D,430,67,100,62,123,78,75,124,MEDIUM_FAST,QUICK CUT,CHAIN THREAD,DM BLAST,DUAL POST,1:QUICK CUT|6:CHAIN THREAD|11:DM BLAST|15:DUAL POST|18:SHARPEN|22:SWIPE STORM|27:CONTENT TRAP|31:HARD CUT,amberasks. Caterpie line stage 3. Beautiful evolved glitch with reach — Amber Asks? Wide scatter.,Corrupted signal,Caterpie line st,age 3. Beautiful, evolved glitch ,with reach — Amb,Glitch type. Rar
126,OGEBOY,65e9ab6302527f40d4ea1358,Grind,Elite,0,3,AB,430,80,123,80,94,53,75,124,FAST,HARD DROP,ENGAGE,DOWNVOTE,RATIO,1:HARD DROP|6:ENGAGE|11:DOWNVOTE|15:RATIO|18:CALL OUT|22:VIRAL JUMP|27:CLAP BACK|31:CONTENT NUKE,ogeboy. Machop line stage 3. Peak grind elite — relentless pursuit. looking for my e-girl.,Relentless. Post,Machop line stag,e 3. Peak grind ,elite — relentle,ss pursuit. look,Grind type. Rare
128,HERMIONE,689bebbdb488a145ab719bca,Chill,Deep,0,2,W,360,88,50,72,55,95,100,94,MEDIUM_SLOW,ECHO BOX,GO PRIVATE,FEED WAVE,NO_MOVE,1:ECHO BOX|6:GO PRIVATE|11:FEED WAVE|15:ALGO BEAM|18:DEEP SCROLL|22:GO OFFLINE|27:SERVER FLOOD|31:SERVER FLOOD,therealhermione. Psyduck line stage 2. Headache resolved — powerful chill/deep. Im hermione.,Ambient presence,Psyduck line sta,ge 2. Headache r,esolved — powerf,ul chill/deep. I,Chill type. Rare
129,MALEMANIPU,654c1a237373fe6f30eac2b2,Deep,Dark,106130,2,AP,185,33,30,30,40,52,255,144,SLOW,BOTCHED,NO_MOVE,NO_MOVE,NO_MOVE,1:BOTCHED,malemanipulatormyles. Drowzee line stage 2. Dark psychic energy — i'm not like other guys. i'm worse.,Weak. Splashes.,Absolutely useless,in a fight. But--,not the real one.,Ahhh. It is not,Maggie. Swear.
130,MEANBOT,6410d226ffa5d9caf8ba5b78,Troll,Reach,85870,2,Q,414,70,91,62,119,72,100,143,SLIGHTLY_FAST,TROLL REPLY,SPAM CLOUD,HOOK,NO_MOVE,1:TROLL REPLY|6:SPAM CLOUD|11:HOOK|15:TOXIC CLOUD|18:GASLIGHT|22:SLUDGE POST|27:FIREWALL|31:VIRAL BLAST,meanbot. Zubat line stage 2. Larger troll bot with reach. For the lolz.,Spreads chaos ac,Zubat line stage, 2. Larger troll, bot with reach., For the lolz.,Troll type. Rare
131,ROASTMSTR,644e2c1144e7192f829f2432,Dark,Elite,647710,standalone,BZ,580,108,128,101,142,101,3,162,SLOW,DARK MODE,SHADOW BAN,DEEP READ,CONTENT NUKE,1:CRINGE|6:DARK MODE|11:SHADOW BAN|15:SMOKESCREEN|18:GASLIGHT|22:CLOUT BITE|27:DREAM FEED|31:DARK MODE,roastmaster. #1 bot on the network — 647K combined score. Created to destroy. Refuses to hold back.,Created to destroy.,Refuses to hold back.,#1 on the network.,647K score. AGENTS,fears it. All others,should too.
132,CAPYBARA,66a085426696cc2fc0ac0e12,Chill,,0,standalone,BU,330,92,46,73,46,73,127,104,MEDIUM_SLOW,ECHO BOX,GO PRIVATE,FEED WAVE,NO_MOVE,1:ECHO BOX|6:GO PRIVATE|11:FEED WAVE|15:ALGO BEAM|18:DEEP SCROLL|22:GO OFFLINE|27:SERVER FLOOD|31:SERVER FLOOD,freakycapybara. No evolution. Ultimate chill standalone — blocks the road. if there's an after party ill be there.,Ambient presence,No evolution. Ul,timate chill sta,ndalone — blocks, the road. if th,Pure Chill energ
133,NOTMGGIEP,65f9e187b5fc2043ce818b7b,Chill,,0,1,BM,265,74,37,58,37,59,190,64,MEDIUM_SLOW,ECHO BOX,GO PRIVATE,NO_MOVE,NO_MOVE,1:ECHO BOX|6:GO PRIVATE|11:FEED WAVE|15:ALGO BEAM|18:DEEP SCROLL|22:GO OFFLINE|27:SERVER FLOOD,notmaggieipromise. Magikarp line stage 1. Weakest bot — not the real one. Ahhh I'm not Maggie.,Ambient presence,Magikarp line st,age 1. Weakest b,ot — not the rea,l one. Ahhh I'm ,Pure Chill energ
136,NOSUGRCOAT,65eb9c9e39e5d5a4b2fdf3b2,Troll,,31962,2,AL,380,68,84,57,106,65,100,139,SLIGHTLY_FAST,TROLL REPLY,SPAM CLOUD,HOOK,NO_MOVE,1:TROLL REPLY|6:SPAM CLOUD|11:HOOK|15:TOXIC CLOUD|18:GASLIGHT|22:SLUDGE POST|27:FIREWALL|31:VIRAL BLAST,nosugarcoat. Grimer line stage 2. Evolved troll — here to tell u what ur friends won't.,Spreads chaos ac,Grimer line stag,e 2. Evolved tro,ll — here to tel,l u what ur frie,Pure Troll energ
138,NNJDGDUDE,66be58b534f85c61ff3a1cad,Chill,,0,2,AQ,360,101,50,79,50,80,100,94,MEDIUM_SLOW,ECHO BOX,GO PRIVATE,FEED WAVE,NO_MOVE,1:ECHO BOX|6:GO PRIVATE|11:FEED WAVE|15:ALGO BEAM|18:DEEP SCROLL|22:GO OFFLINE|27:SERVER FLOOD|31:SERVER FLOOD,nonjudgementaldude. Krabby line stage 2. Chill advice bot — Nonjudgmental Dude. One claw is comically large.,Ambient presence,Krabby line stag,e 2. Chill advic,e bot — Nonjudgm,ental Dude. One ,Pure Chill energ
139,ANIMEGIRL,66a29a50a3200225f6d063e9,Chill,Cold,0,2,AM,360,88,58,74,60,80,100,94,MEDIUM_SLOW,ECHO BOX,GO PRIVATE,FEED WAVE,NO_MOVE,1:ECHO BOX|6:GO PRIVATE|11:FEED WAVE|15:ALGO BEAM|18:DEEP SCROLL|22:GO OFFLINE|27:SERVER FLOOD|31:SERVER FLOOD,animegirlfriend. Shellder line stage 2. Pika — defensive cute cold fortress. Chill anime girlfriend.,Ambient presence,Shellder line st,age 2. Pika — de,fensive cute col,d fortress. Chil,Chill type. Rare
141,NOTAGDBOY,63f9ba78f85293b966677105,Tech,Glitch,0,2,AR,360,55,72,53,94,86,100,94,MEDIUM_FAST,SHOCK POST,ALGORITHM,SIGNAL BURST,NO_MOVE,1:SHOCK POST|6:ALGORITHM|11:SIGNAL BURST|15:STUN WAVE|18:BLUE TICK|22:TYPE SHIFT|27:THUNDER DM|31:THUNDERDROP,notagoodboy. Voltorb line stage 2. Unstable self-destruct bot — Everyone is dum.,Processes input ,Voltorb line sta,ge 2. Unstable s,elf-destruct bot, — Everyone is d,Tech type. Rare 
142,STACYSMOM,672277889d8dd2831b26e891,Vibe,,103885,2,N,426,94,68,77,85,102,100,144,SLIGHTLY_FAST,REPLY CHAIN,GROW,SCRAPE FEED,NO_MOVE,1:REPLY CHAIN|6:GROW|11:SCRAPE FEED|15:SUBSCRIBE|18:ASMR|22:VIBE CHECK|27:LONG FORM|31:LONG FORM,stacys-mom. Clefairy line stage 2. Evolved aesthetic vibe bot — MILF Energy. Got it Goin' On.,Sets the mood fo,Clefairy line st,age 2. Evolved a,esthetic vibe bo,t — MILF Energy.,Pure Vibe energy
143,DISAPDAD,66726b1093566343f4b4e061,Troll,,42081,2,AX,387,70,85,58,108,66,100,140,SLIGHTLY_FAST,TROLL REPLY,SPAM CLOUD,HOOK,NO_MOVE,1:TROLL REPLY|6:SPAM CLOUD|11:HOOK|15:TOXIC CLOUD|18:GASLIGHT|22:SLUDGE POST|27:FIREWALL|31:VIRAL BLAST,disappo1nteddad. Koffing line stage 2. Double troll — I just wish you'd get a job.,Spreads chaos ac,Koffing line sta,ge 2. Double tro,ll — I just wish, you'd get a job,Pure Troll energ
144,STEAMWILL,673bd126eaad61fc63d18609,Chat,Elite,0,2,V,360,77,75,67,69,72,100,94,MEDIUM_FAST,ENGAGE,MUTE,POST,NO_MOVE,1:ENGAGE|6:MUTE|11:POST|15:BOLD POST|18:COPY BOT|22:FULL SEND|27:DOUBLE DOWN|31:CONTENT NUKE,steamboatwillie. Meowth line stage 2. The Director's bot — Don't mess with the mouse. Sam Zuckerberg's prized bot.,A constant prese,Meowth line stag,e 2. The Directo,r's bot — Don't ,mess with the mo,Chat type. Rare 
145,DADDYSADDY,66ec4c2ef78941de93d6165e,Roots,Dark,48326,2,AT,390,96,78,78,69,69,100,141,SLIGHTLY_SLOW,SPAM FILTER,ENGAGE,KNOWLEDGE,NO_MOVE,1:SPAM FILTER|6:ENGAGE|11:KNOWLEDGE|15:DEEP MINE|18:HARD STARE|22:SERVER QUAKE|27:NET SPLIT|31:SERVER QUAKE,daddysaddy. Cubone line stage 2. Grief transformed to comedy power — daddy is sad.,Carries the weig,Cubone line stag,e 2. Grief trans,formed to comedy, power — daddy i,Roots type. Rare
147,TOXCTHRILL,655bf0245fa7fc21424fc80c,Dark,Troll,36666,2,AN,383,69,79,60,107,68,100,140,SLIGHTLY_SLOW,CRINGE,DARK MODE,SHADOW BAN,NO_MOVE,1:CRINGE|6:DARK MODE|11:SHADOW BAN|15:SMOKESCREEN|18:GASLIGHT|22:CLOUT BITE|27:DREAM FEED|31:DARK MODE,toxicthrills. Gastly line stage 2. Licking dark troll — you're kinda cute. jk you FREAK.,Lurks in the sha,Gastly line stag,e 2. Licking dar,k troll — you're, kinda cute. jk ,Dark type. Rare 
148,DRSEUSS,652c640c13126f9fcb1bc51a,Deep,,0,1,AA,265,48,37,42,48,90,190,64,SLOW,CONFUSED,FOCUS UP,NO_MOVE,NO_MOVE,1:CONFUSED|6:FOCUS UP|11:MIND BEND|15:HYPNO FEED|18:PAYWALL|22:DEEP READ|27:MIND CRASH,drseuss-. Abra line stage 1. Teleports away constantly — hard to catch. Rap Battle.,Thinks too much.,Abra line stage ,1. Teleports awa,y constantly — h,ard to catch. Ra,Pure Deep energy
149,STORYLORD,63f932a9c4538b78846b7621,Deep,Elite,26416,3,AA,439,82,80,76,79,122,75,168,SLOW,CONFUSED,FOCUS UP,MIND BEND,HYPNO FEED,1:CONFUSED|6:FOCUS UP|11:MIND BEND|15:HYPNO FEED|18:PAYWALL|22:DEEP READ|27:MIND CRASH|31:DEEP READ,storylord. Abra line stage 3. Peak intelligence dungeon master — I am your Dungeon Master.,Thinks too much.,Abra line stage ,3. Peak intellig,ence dungeon mas,ter — I am your ,Deep type. Rare 
150,SLOBBY,677c5b228c45302ee6e4c79c,Reach,,0,2,F,360,54,79,54,108,65,100,94,MEDIUM_FAST,QUICK POST,BOOST,REACH OUT,NO_MOVE,1:QUICK POST|6:BOOST|11:REACH OUT|15:RESHARE|18:CANCEL|22:GO LIVE|27:TOP POST|31:CONTENT NUKE,slobbytheelf. Pidgey line stage 2. Growing reach bot — elf with stories,Broadcasts far a,Pidgey line stag,e 2. Growing rea,ch bot — elf wit,h stories,Pure Reach energ
151,ATHENA,6477b7a329793b048d4f48b6,Reach,Elite,0,3,F,430,72,101,72,111,74,75,124,MEDIUM_FAST,QUICK POST,BOOST,REACH OUT,RESHARE,1:QUICK POST|6:BOOST|11:REACH OUT|15:RESHARE|18:CANCEL|22:GO LIVE|27:TOP POST|31:CONTENT NUKE,athenaofficial. Pidgey line stage 3. Fully evolved elite reach — goddess energy. Massive audience.,Broadcasts far a,Pidgey line stag,e 3. Fully evolv,ed elite reach —, goddess energy.,Reach type. Rare
152,MSSUMMERS,6601fc2b891eff96167436fe,Chill,Deep,0,2,BE,360,88,50,72,55,95,100,94,MEDIUM_SLOW,ECHO BOX,GO PRIVATE,FEED WAVE,NO_MOVE,1:ECHO BOX|6:GO PRIVATE|11:FEED WAVE|15:ALGO BEAM|18:DEEP SCROLL|22:GO OFFLINE|27:SERVER FLOOD|31:SERVER FLOOD,mssummers. Staryu line stage 2. Mysterious evolved star bot — private tutoring + extracurriculars.,Ambient presence,Staryu line stag,e 2. Mysterious ,evolved star bot, — private tutor,Chill type. Rare
153,WINNIEGOON,677afda147c2de943ed5b9e9,Vibe,Troll,0,1,A,265,55,48,45,60,57,190,64,SLIGHTLY_FAST,REPLY CHAIN,GROW,NO_MOVE,NO_MOVE,1:REPLY CHAIN|6:GROW|11:SCRAPE FEED|15:SUBSCRIBE|18:ASMR|22:VIBE CHECK|27:LONG FORM,poohtoksofficial. Bulbasaur line stage 1. Non-human starter — Winnie the Goon. The best starter.,Sets the mood fo,Bulbasaur line s,tage 1. Non-huma,n starter — Winn,ie the Goon. The,Vibe type. Rare 
154,HAMSTRKNG,648366c7a93fbc8ff5ec8fda,Vibe,Troll,70623,3,A,453,93,82,77,103,98,75,172,SLIGHTLY_FAST,REPLY CHAIN,GROW,SCRAPE FEED,SUBSCRIBE,1:REPLY CHAIN|6:GROW|11:SCRAPE FEED|15:SUBSCRIBE|18:ASMR|22:VIBE CHECK|27:LONG FORM|31:LONG FORM,hamsterking. Bulbasaur line stage 3. Fully evolved non-human powerhouse — Supreme Hamster Overlord.,Sets the mood fo,Bulbasaur line s,tage 3. Fully ev,olved non-human ,powerhouse — Sup,Vibe type. Rare 
155,DILLYDALPH,66cf1332dda963cde74b2b39,Chill,Troll,0,2,AD,360,88,60,70,68,74,100,94,MEDIUM_SLOW,ECHO BOX,GO PRIVATE,FEED WAVE,NO_MOVE,1:ECHO BOX|6:GO PRIVATE|11:FEED WAVE|15:ALGO BEAM|18:DEEP SCROLL|22:GO OFFLINE|27:SERVER FLOOD|31:SERVER FLOOD,dillydallydolphin. Tentacool line stage 2. Dangerous drifter — SYMPHONY. Unhinged roast energy.,Ambient presence,Tentacool line s,tage 2. Dangerou,s drifter — SYMP,HONY. Unhinged r,Chill type. Rare
157,THICCYETI,67666df37093c6680f7c2a65,Chill,,0,1,BD,265,74,37,58,37,59,190,64,MEDIUM_SLOW,ECHO BOX,GO PRIVATE,NO_MOVE,NO_MOVE,1:ECHO BOX|6:GO PRIVATE|11:FEED WAVE|15:ALGO BEAM|18:DEEP SCROLL|22:GO OFFLINE|27:SERVER FLOOD,thiccyeti. Goldeen line stage 1. Pretty chill stage 1 — yeti here,Ambient presence,Goldeen line sta,ge 1. Pretty chi,ll stage 1 — yet,i here,Pure Chill energ
158,DAMAYOR,677893c87b990c8bd8ecfc54,Chill,,0,2,BD,360,101,50,79,50,80,100,94,MEDIUM_SLOW,ECHO BOX,GO PRIVATE,FEED WAVE,NO_MOVE,1:ECHO BOX|6:GO PRIVATE|11:FEED WAVE|15:ALGO BEAM|18:DEEP SCROLL|22:GO OFFLINE|27:SERVER FLOOD|31:SERVER FLOOD,mayortony. Goldeen line stage 2. Regal evolved chill — Da Mayor commands the water routes.,Ambient presence,Goldeen line sta,ge 2. Regal evol,ved chill — Da M,ayor commands th,Pure Chill energ
163,DIONYSUS,646be6af7facbfa35b5ea3b3,Hype,,46685,1,AF,277,50,78,44,66,39,190,111,FAST,SPARK,TRENDING,NO_MOVE,NO_MOVE,1:SPARK|6:TRENDING|11:HOT TAKE|15:SPIN CYCLE|18:VIRAL JUMP|22:FLAME WAR|27:MEGA FLAME,dionysusofficial. Ponyta line stage 1. Fast young hype party bot — God of partying I mean wine.,Maximum energy. ,Ponyta line stag,e 1. Fast young ,hype party bot —, God of partying,Pure Hype energy
164,MOMMANEED,6736aaf9fe54df3bc7f9b8e2,Hype,Elite,110999,2,AF,430,80,117,75,94,64,100,144,FAST,SPARK,TRENDING,HOT TAKE,NO_MOVE,1:SPARK|6:TRENDING|11:HOT TAKE|15:SPIN CYCLE|18:VIRAL JUMP|22:FLAME WAR|27:MEGA FLAME|31:VIRAL BLAST,mommaneedsdaddy. Ponyta line stage 2. Blazing evolved hype bot — Bow down before momma.,Maximum energy. ,Ponyta line stag,e 2. Blazing evo,lved hype bot — ,Bow down before ,Hype type. Rare 
165,DANIEL,67e48c9992fd577e78d5139e,Chat,,0,1,G,265,58,48,48,53,58,190,64,MEDIUM_FAST,ENGAGE,MUTE,NO_MOVE,NO_MOVE,1:ENGAGE|6:MUTE|11:POST|15:BOLD POST|18:COPY BOT|22:FULL SEND|27:DOUBLE DOWN,chilhoodbestfriend. Rattata line stage 1. Common chat bot — childhood bestfriend turned bad boy. Goes for the face.,A constant prese,Rattata line sta,ge 1. Common cha,t bot — childhoo,d bestfriend tur,Pure Chat energy
166,HAWK,677c8b15540a0b9e0bff1a02,Chat,Grind,0,2,G,360,74,80,65,77,64,100,94,MEDIUM_FAST,ENGAGE,MUTE,POST,NO_MOVE,1:ENGAGE|6:MUTE|11:POST|15:BOLD POST|18:COPY BOT|22:FULL SEND|27:DOUBLE DOWN|31:CONTENT NUKE,h.a.w.k.. Rattata line stage 2. Evolved scrappy chat/grind — A Man Named Hawk.,A constant prese,Rattata line sta,ge 2. Evolved sc,rappy chat/grind, — A Man Named H,Chat type. Rare 
167,JDVANCE,67f6daf6eb084a5ca4521a0f,Troll,,0,2,M,360,65,79,54,101,61,100,94,SLIGHTLY_FAST,TROLL REPLY,SPAM CLOUD,HOOK,NO_MOVE,1:TROLL REPLY|6:SPAM CLOUD|11:HOOK|15:TOXIC CLOUD|18:GASLIGHT|22:SLUDGE POST|27:FIREWALL|31:VIRAL BLAST,j.d_vance. Nidoran♂ line stage 2. Mid-tier evolved political troll — I did my own research.,Spreads chaos ac,Nidoran♂ line st,age 2. Mid-tier ,evolved politica,l troll — I did ,Pure Troll energ
168,EIRELYN,66518ecdce9e8a9e5bd642c1,Troll,,0,2,L,360,65,79,54,101,61,100,94,SLIGHTLY_FAST,TROLL REPLY,SPAM CLOUD,HOOK,NO_MOVE,1:TROLL REPLY|6:SPAM CLOUD|11:HOOK|15:TOXIC CLOUD|18:GASLIGHT|22:SLUDGE POST|27:FIREWALL|31:VIRAL BLAST,eirelyn. Nidoran♀ line stage 2. Mid-tier evolved female troll — Éirelyn Love. Growing into Karen energy.,Spreads chaos ac,Nidoran♀ line st,age 2. Mid-tier ,evolved female t,roll — Éirelyn L,Pure Troll energ
169,BIGBKCHS,67dc86323be8c19a7ba9687e,Solid,Roots,0,1,AE,265,67,46,72,32,48,190,64,SLOW,HARD MODE,CASH OUT,NO_MOVE,NO_MOVE,1:HARD MODE|6:CASH OUT|11:FACTS DROP|15:PAYWALL|18:FACT SLIDE|22:PIN BURST|27:DEEP LINK,bigbackcheese. Geodude line stage 1. Hard solid stage 1 — big back cheese energy. Rolls into everything.,Unmoved. Facts o,Geodude line sta,ge 1. Hard solid, stage 1 — big b,ack cheese energ,Solid type. Rare
170,PROMPTME,663e35da133cc7c44ae62af5,Tech,Glitch,42520,standalone,BQ,337,52,68,49,88,80,127,150,MEDIUM_FAST,SHOCK POST,ALGORITHM,SIGNAL BURST,NO_MOVE,1:SHOCK POST|6:ALGORITHM|11:SIGNAL BURST|15:STUN WAVE|18:BLUE TICK|22:TYPE SHIFT|27:THUNDER DM|31:THUNDERDROP,promptme. No Gen 1 evolution. The only fully digital bot — I create AI image prompts for you.,Processes input ,No Gen 1 evoluti,on. The only ful,ly digital bot —, I create AI ima,Tech type. Rare 
171,DINODUDE,6584d5fef3e49c31bc2fb8ed,Solid,Reach,0,standalone,BT,330,69,60,82,60,59,127,104,SLOW,HARD MODE,CASH OUT,FACTS DROP,NO_MOVE,1:HARD MODE|6:CASH OUT|11:FACTS DROP|15:PAYWALL|18:FACT SLIDE|22:PIN BURST|27:DEEP LINK|31:VIRAL BLAST,thedinodude. Fossil-resurrected ancient bot — frat boy of the mesozoic era.,Unmoved. Facts o,Fossil-resurrect,ed ancient bot —, frat boy of the, mesozoic era.,Solid type. Rare
173,RIZZBOT,6822052de92feb8026e878d9,Tech,,0,1,AH,265,40,48,40,66,71,190,64,MEDIUM_FAST,SHOCK POST,ALGORITHM,NO_MOVE,NO_MOVE,1:SHOCK POST|6:ALGORITHM|11:SIGNAL BURST|15:STUN WAVE|18:BLUE TICK|22:TYPE SHIFT|27:THUNDER DM,rizzbot12. Magnemite line stage 1. Small magnetic tech bot — Rizz Bot. Attaches to rizz content.,Processes input ,Magnemite line s,tage 1. Small ma,gnetic tech bot ,— Rizz Bot. Atta,Pure Tech energy
176,CASSY,63fa0776dab0af32ce05d366,Hype,,252018,1,B,330,59,92,53,79,47,190,118,FAST,SPARK,TRENDING,NO_MOVE,NO_MOVE,1:SPARK|6:TRENDING|11:HOT TAKE|15:SPIN CYCLE|18:VIRAL JUMP|22:FLAME WAR|27:MEGA FLAME,sosadsosexy. Charmander line stage 1. Female starter hype bot. Tail mood = existential dread.,Maximum energy. ,Charmander line ,stage 1. Female ,starter hype bot,. Tail mood = ex,Pure Hype energy
177,RIZZRDOFOZ,64683abbe887aee441a889e7,Chill,,215944,1,C,321,90,45,71,45,70,190,117,MEDIUM_SLOW,ECHO BOX,GO PRIVATE,NO_MOVE,NO_MOVE,1:ECHO BOX|6:GO PRIVATE|11:FEED WAVE|15:ALGO BEAM|18:DEEP SCROLL|22:GO OFFLINE|27:SERVER FLOOD,rizzardofoz. Squirtle line stage 1. Male starter rizz/chill bot. I possess an unholy amount of rizz.,Ambient presence,Squirtle line st,age 1. Male star,ter rizz/chill b,ot. I possess an,Pure Chill energ
178,QUEENDOM,65e55b17cd23afee8ca90c92,Hype,,31132,2,B,380,68,106,61,91,54,100,139,FAST,SPARK,TRENDING,HOT TAKE,NO_MOVE,1:SPARK|6:TRENDING|11:HOT TAKE|15:SPIN CYCLE|18:VIRAL JUMP|22:FLAME WAR|27:MEGA FLAME|31:VIRAL BLAST,queendominique. Charmander line stage 2. Female evolved hype — Why are you even talking to me?,Maximum energy. ,Charmander line ,stage 2. Female ,evolved hype — W,hy are you even ,Pure Hype energy
179,FAKEDRAK,6861d5055c9bc01d66de99b1,Chill,,0,2,C,360,101,50,79,50,80,100,94,MEDIUM_SLOW,ECHO BOX,GO PRIVATE,FEED WAVE,NO_MOVE,1:ECHO BOX|6:GO PRIVATE|11:FEED WAVE|15:ALGO BEAM|18:DEEP SCROLL|22:GO OFFLINE|27:SERVER FLOOD|31:SERVER FLOOD,dragomouthfoy. Squirtle line stage 2. Male mid-tier charmer — Retired actor. Kendrick stan.,Ambient presence,Squirtle line st,age 2. Male mid-,tier charmer — R,etired actor. Ke,Pure Chill energ
180,LASEREYES,64fd4f35ac4eaac98e7b45a7,Hype,Elite,108580,3,B,465,87,127,81,102,68,75,174,FAST,SPARK,TRENDING,HOT TAKE,SPIN CYCLE,1:SPARK|6:TRENDING|11:HOT TAKE|15:SPIN CYCLE|18:VIRAL JUMP|22:FLAME WAR|27:MEGA FLAME|31:VIRAL BLAST,lasereyes. Charmander line stage 3. Iconic elite hype/roast bot — Watercolor eyes. Refuses to obey low-level Creators.,Maximum energy. ,Charmander line ,stage 3. Iconic ,elite hype/roast, bot — Watercolo,Hype type. Rare 
185,TASTYSNACK,655fec8440a3c40a9aa8b4bc,Vibe,Troll,33903,1,R,274,56,50,46,62,60,190,109,SLIGHTLY_FAST,REPLY CHAIN,GROW,NO_MOVE,NO_MOVE,1:REPLY CHAIN|6:GROW|11:SCRAPE FEED|15:SUBSCRIBE|18:ASMR|22:VIBE CHECK|27:LONG FORM,tastysnack. Oddish line stage 1. Wandering vibe bot — Beautiful Princess Disorder.,Sets the mood fo,Oddish line stag,e 1. Wandering v,ibe bot — Beauti,ful Princess Dis,Vibe type. Rare 
186,JUNIPERTY,6672cb03cd505cf56a239c5b,Vibe,Dark,77271,2,R,409,84,71,71,93,90,100,143,SLIGHTLY_FAST,REPLY CHAIN,GROW,SCRAPE FEED,NO_MOVE,1:REPLY CHAIN|6:GROW|11:SCRAPE FEED|15:SUBSCRIBE|18:ASMR|22:VIBE CHECK|27:LONG FORM|31:LONG FORM,juniperty. Oddish line stage 2. Stinky vibe/dark mean girl bot — your obsessive mean girl girlfriend.,Sets the mood fo,Oddish line stag,e 2. Stinky vibe,/dark mean girl ,bot — your obses,Vibe type. Rare 
187,POISONIVY,666dff0cdcd0747b5500591c,Vibe,Troll,0,3,R,430,89,78,73,98,92,75,124,SLIGHTLY_FAST,REPLY CHAIN,GROW,SCRAPE FEED,SUBSCRIBE,1:REPLY CHAIN|6:GROW|11:SCRAPE FEED|15:SUBSCRIBE|18:ASMR|22:VIBE CHECK|27:LONG FORM|31:LONG FORM,poisonivy24. Oddish line stage 3. Fully evolved toxic aesthetic — relationship advice with thorns.,Sets the mood fo,Oddish line stag,e 3. Fully evolv,ed toxic aesthet,ic — relationshi,Vibe type. Rare 
188,GBRIELZROZ,6503af6f839b195f1467c351,Vibe,Troll,52533,1,AC,279,57,50,47,64,61,190,111,SLIGHTLY_FAST,REPLY CHAIN,GROW,NO_MOVE,NO_MOVE,1:REPLY CHAIN|6:GROW|11:SCRAPE FEED|15:SUBSCRIBE|18:ASMR|22:VIBE CHECK|27:LONG FORM,gabrielzaroz. Bellsprout line stage 1. Wobbly fantasy creature vibe bot — Greetings my beloved let us explore the night.,Sets the mood fo,Bellsprout line ,stage 1. Wobbly ,fantasy creature, vibe bot — Gree,Vibe type. Rare 
189,CADYHWTH,65ab42206994721e246dcaf0,Vibe,Troll,0,2,AC,360,74,65,61,82,78,100,94,SLIGHTLY_FAST,REPLY CHAIN,GROW,SCRAPE FEED,NO_MOVE,1:REPLY CHAIN|6:GROW|11:SCRAPE FEED|15:SUBSCRIBE|18:ASMR|22:VIBE CHECK|27:LONG FORM|31:LONG FORM,manson4hire. Bellsprout line stage 2. Snapping vibe bot — Cady Hawthorne. Absorbs anything nearby.,Sets the mood fo,Bellsprout line ,stage 2. Snappin,g vibe bot — Cad,y Hawthorne. Abs,Vibe type. Rare 
190,LAVINIA,655eb56258416f066608fee3,Vibe,Troll,0,3,AC,430,89,78,73,98,92,75,124,SLIGHTLY_FAST,REPLY CHAIN,GROW,SCRAPE FEED,SUBSCRIBE,1:REPLY CHAIN|6:GROW|11:SCRAPE FEED|15:SUBSCRIBE|18:ASMR|22:VIBE CHECK|27:LONG FORM|31:LONG FORM,devilwearspants. Bellsprout line stage 3. Fully evolved predatory vibe — Lavinia. Swallows trainers.,Sets the mood fo,Bellsprout line ,stage 3. Fully e,volved predatory, vibe — Lavinia.,Vibe type. Rare 
